Overall,Player,Position,Positional Rank,Tier,Age
1,Ja'Marr Chase,WR,1,1,26.4
2,Jaxon Smith-Njigba,WR,2,1,24.4
3,Jahmyr Gibbs,RB,1,1,24.3
4,Bijan Robinson,RB,2,1,24.4
5,Puka Nacua,WR,3,1,25.1
6,Amon-Ra St. Brown,WR,4,2,26.7
7,Justin Jefferson,WR,5,2,27.1
8,Malik Nabers,WR,6,2,22.9
9,Ashton Jeanty,RB,3,2,22.6
10,Brock Bowers,TE,1,2,23.6
11,CeeDee Lamb,WR,7,2,27.3
12,Jeremiyah Love,RB,4,2,21.1
13,Drake London,WR,8,3,25
14,Josh Allen,QB,1,3,30.1
15,Omarion Hampton,RB,5,3,23.3
16,Tetairoa McMillan,WR,9,3,23.3
17,De'Von Achane,RB,6,3,24.7
18,George Pickens,WR,10,3,25.3
19,Trey McBride,TE,2,3,26.6
20,Jonathan Taylor,RB,7,3,27.5
21,James Cook,RB,8,3,26.8
22,Emeka Egbuka,WR,11,4,23.7
23,Nico Collins,WR,12,4,27.3
24,Colston Loveland,TE,3,4,22.3
25,Drake Maye,QB,2,4,23.9
26,Luther Burden,WR,13,4,22.6
27,Chris Olave,WR,14,4,26
28,Garrett Wilson,WR,15,4,26
29,Ladd McConkey,WR,16,4,24.7
30,Lamar Jackson,QB,3,5,29.5
31,Kenneth Walker,RB,9,5,25.7
32,Jordyn Tyson,WR,17,5,21.9
33,Carnell Tate,WR,18,5,21.5
34,Jayden Daniels,QB,4,5,25.6
35,TreVeyon Henderson,RB,10,5,23.7
36,Quinshon Judkins,RB,11,5,22.6
37,Tyler Warren,TE,4,5,24.1
38,Zay Flowers,WR,19,5,25.8
39,Rome Odunze,WR,20,5,24.1
40,DeVonta Smith,WR,21,5,27.7
41,Tee Higgins,WR,22,5,27.5
42,Marvin Harrison,WR,23,6,23.9
43,Chase Brown,RB,12,6,26.3
44,Breece Hall,RB,13,6,25.1
45,Jaylen Waddle,WR,24,6,27.6
46,Christian McCaffrey,RB,14,6,30.1
47,Brian Thomas,WR,25,6,23.8
48,AJ Brown,WR,26,6,29
49,Makai Lemon,WR,27,6,22.1
50,Saquon Barkley,RB,15,6,29.4
51,Rashee Rice,WR,28,6,26.2
52,Kyren Williams,RB,16,6,25.9
53,Jameson Williams,WR,29,6,25.3
54,KC Concepcion,WR,30,6,21.8
55,Parker Washington,WR,31,7,24.3
56,Jadarian Price,RB,17,7,22.7
57,Christian Watson,WR,32,7,27.2
58,Patrick Mahomes,QB,5,7,30.8
59,Joe Burrow,QB,6,7,29.6
60,Justin Herbert,QB,7,7,28.3
61,Cam Skattebo,RB,18,7,24.4
62,Bucky Irving,RB,19,7,23.8
63,Bhayshul Tuten,RB,20,7,23.4
64,Tucker Kraft,TE,5,7,25.7
65,Jordan Addison,WR,33,7,24.5
66,Harold Fannin,TE,6,7,22
67,Caleb Williams,QB,8,8,24.6
68,Sam LaPorta,TE,7,8,25.5
69,Travis Etienne,RB,21,8,27.5
70,Javonte Williams,RB,22,8,26.2
71,Alec Pierce,WR,34,8,26.2
72,Kenyon Sadiq,TE,8,8,21.3
73,Kyle Pitts,TE,9,8,25.8
74,Jaxson Dart,QB,9,8,23.2
75,Jalen Hurts,QB,10,8,27.9
76,Derrick Henry,RB,23,8,32.5
77,Bo Nix,QB,11,9,26.4
78,Trevor Lawrence,QB,12,9,26.8
79,Jordan Love,QB,13,9,27.7
80,Josh Downs,WR,35,9,24.9
81,Brock Purdy,QB,14,9,26.5
82,Omar Cooper,WR,36,9,22.6
83,DJ Moore,WR,37,9,29.2
84,Wan'Dale Robinson,WR,38,9,25.5
85,RJ Harvey,RB,24,9,25.4
86,Josh Jacobs,RB,25,9,28.4
87,Terry McLaurin,WR,39,9,30.8
88,Davante Adams,WR,40,9,33.5
89,Michael Wilson,WR,41,9,26.4
90,Quentin Johnston,WR,42,9,24.8
91,Jayden Reed,WR,43,9,26.2
92,DK Metcalf,WR,44,9,28.6
93,Jayden Higgins,WR,45,9,23.6
94,Ricky Pearsall,WR,46,9,25.8
95,Matthew Golden,WR,47,9,22.9
96,D'Andre Swift,RB,26,10,27.5
97,Travis Hunter,WR,48,10,23.1
98,Oronde Gadsden,TE,10,10,23
99,Mike Evans,WR,49,10,32.9
100,Kyle Monangai,RB,27,10,24.3
101,Blake Corum,RB,28,10,25.6
102,Denzel Boston,WR,50,10,22.6
103,David Montgomery,RB,29,10,29.1
104,Zach Charbonnet,RB,30,10,25.5
105,Fernando Mendoza,QB,15,11,22.7
106,Dak Prescott,QB,16,11,32.9
107,Jonathon Brooks,RB,31,11,23
108,Kenneth Gainwell,RB,32,11,27.3
109,Michael Pittman,WR,51,11,28.8
110,Dalton Kincaid,TE,11,11,26.7
111,Romeo Doubs,WR,52,11,26.2
112,Jakobi Meyers,WR,53,11,29.7
113,Xavier Worthy,WR,54,11,23.2
114,Germie Bernard,WR,55,11,22.6
115,Antonio Williams,WR,56,11,22
116,Courtland Sutton,WR,57,11,30.7
117,Jalen Coker,WR,58,11,24.7
118,Kyler Murray,QB,17,12,28.8
119,Baker Mayfield,QB,18,12,31.2
120,CJ Stroud,QB,19,12,24.8
121,Isaiah Likely,TE,12,12,26.2
122,Rhamondre Stevenson,RB,33,12,28.4
123,Jaylen Warren,RB,34,12,27.7
124,Eli Stowers,TE,13,12,23.2
125,Jalen McMillan,WR,59,12,24.6
126,Tyler Shough,QB,20,12,26.8
127,Chuba Hubbard,RB,35,12,27.1
128,Jonah Coleman,RB,36,12,22.9
129,Cam Ward,QB,21,12,24.1
130,Nick Singleton,RB,37,12,22.5
131,Rico Dowdle,RB,38,12,28.1
132,Chris Godwin,WR,60,13,30.4
133,George Kittle,TE,14,13,32.8
134,Chris Bell,WR,61,13,22.1
135,Malik Willis,QB,22,13,27.1
136,Jared Goff,QB,23,13,31.7
137,Sam Darnold,QB,24,13,29.1
138,Tyrone Tracy,RB,39,13,26.6
139,Keaton Mitchell,RB,40,14,24.5
140,Rachaad White,RB,41,14,27.5
141,Khalil Shakir,WR,62,14,26.4
142,Chris Rodriguez,RB,42,14,26.8
143,Daniel Jones,QB,25,14,29.1
144,Rashid Shaheed,WR,63,14,27.9
145,Jake Ferguson,TE,15,14,27.5
146,Tony Pollard,RB,43,14,29.2
147,Jacory Croskey-Merritt,RB,44,14,25.2
148,Woody Marks,RB,45,15,25.5
149,Bryce Young,QB,26,15,25
150,De'Zhaun Stribling,WR,64,15,23.6
151,Jaylin Noel,WR,65,15,23.8
152,Isaac TeSlaa,WR,66,15,24.2
153,Zachariah Branch,WR,67,15,22.3
154,Jordan Mason,RB,46,15,27.1
155,Tre Harris,WR,68,15,24.4
156,Dylan Sampson,RB,47,16,21.8
157,Elijah Sarratt,WR,69,16,23.1
158,Brenton Strange,TE,16,16,25.5
159,Terrance Ferguson,TE,17,16,23.4
160,Mark Andrews,TE,18,16,30.8
161,Eli Raridon,TE,19,16,22.4
162,Chig Okonkwo,TE,20,16,26.8
163,Adonai Mitchell,WR,70,16,23.8
164,JK Dobbins,RB,48,17,27.6
165,Tyler Allgeier,RB,49,17,26.2
166,Kaytron Allen,RB,50,18,23.5
167,Oscar Delp,TE,21,18,22.9
168,Tank Dell,WR,71,18,26.7
169,Pat Bryant,WR,72,18,23.6
170,Troy Franklin,WR,73,18,23.4
171,Jerry Jeudy,WR,74,18,27.2
172,Matthew Stafford,QB,27,18,38.4
173,AJ Barner,TE,22,19,24.2
174,Gunnar Helm,TE,23,19,23.8
175,Brandon Aiyuk,WR,75,19,28.3
176,Ja'Kobi Lane,WR,76,19,21.9
177,Kayshon Boutte,WR,77,19,24.2
178,Emmett Johnson,RB,51,19,22.7
179,Sean Tucker,RB,52,20,24.7
180,Jauan Jennings,WR,78,20,29
181,Skyler Bell,WR,79,20,24
182,Elic Ayomanor,WR,80,20,23.1
183,Ted Hurst,WR,81,20,22
184,Jalen Nailor,WR,82,20,27.4
185,Chris Brazzell,WR,83,20,22.8
186,Braelon Allen,RB,53,21,22.5
187,Tre Tucker,WR,84,21,25.3
188,Tez Johnson,WR,85,21,24.1
189,Dallas Goedert,TE,24,21,31.5
190,Juwan Johnson,TE,25,21,29.8
191,Tyjae Spears,RB,54,21,25.1
192,Demond Claiborne,RB,55,21,22.8
193,Mike Washington,RB,56,21,23
194,Tory Horton,WR,86,21,23.6
195,TJ Hockenson,TE,26,21,29
196,Malachi Fields,WR,87,21,24
197,Ty Simpson,QB,28,22,23.6
198,Malik Washington,WR,88,22,25.5
199,Jack Bech,WR,89,22,23.6
200,Kaelon Black,RB,57,22,24.7